<?xml version="1.0" encoding="UTF-8"?>
<md:EntityDescriptor entityID="https://samltest.id/saml/sp" urn:name="SAMLTest" ID="NmPa27zroGXzjEQ3BhX1ddGU7FK" urn:LogLevel="STANDARD" urn:isActive="true" xmlns:md="urn:oasis:names:tc:SAML:2.0:metadata" xmlns:urn="urn:sourceid.org:saml2:metadata-extension:v2">
    <md:Extensions>
        <urn:EntityExtension PFVersion="11.1.8.1" LicenseGroup="">
            <urn:DigitialSignatureAliases SigningKeyAlias="vpggyty3dca08x54yy9j1fe1w" includeX509inXmlSig="false" includeRawKeyInXmlSig="false" SigningAlgorithm="http://www.w3.org/2001/04/xmldsig-more#rsa-sha256"/>
            <urn:Encryption>
                <urn:EncryptionPolicy EncryptionAlgorithm="http://www.w3.org/2001/04/xmlenc#aes128-cbc" KeyTransportAlgorithm="http://www.w3.org/2001/04/xmlenc#rsa-oaep-mgf1p" EncryptAssertion="false" EncryptSubjectNameID="false" SLOEncryptSubjectNameID="false"/>
                <urn:DecryptionPolicy AssertionEncrypted="false" SubjectNameIDEncrypted="false" AttributeEncrypted="false" SLOSubjectNameIDEncrypted="false"/>
            </urn:Encryption>
            <urn:ConnectionTemplateProperties/>
            <urn:MetadataUrlId xsi:nil="true" xmlns:xsi="http://www.w3.org/2001/XMLSchema-instance"/>
            <urn:enableAutoMetadataUpdate>false</urn:enableAutoMetadataUpdate>
            <urn:alwaysSignArtifactResponse>false</urn:alwaysSignArtifactResponse>
            <urn:AdditionalAllowedEntitiesConfiguration>
                <urn:AllowAdditionalEntities>false</urn:AllowAdditionalEntities>
                <urn:AllowAllEntities>false</urn:AllowAllEntities>
                <urn:AdditionalAllowedEntities/>
            </urn:AdditionalAllowedEntitiesConfiguration>
            <urn:ExtendedProperties name="MFAAlways" value="true"/>
        </urn:EntityExtension>
    </md:Extensions>
    <md:SPSSODescriptor protocolSupportEnumeration="urn:oasis:names:tc:SAML:2.0:protocol" AuthnRequestsSigned="false" WantAssertionsSigned="false" SignResponseAsRequired="true">
        <md:Extensions>
            <urn:RoleExtension ArtifactTimeoutSeconds="60" LastModified="2023-09-25T08:40:46.081+10:00">
                <urn:IncomingBindings Artifact="false" POST="true" Redirect="false" SOAP="false"/>
                <urn:EnabledProfiles IDPInitiatedSSO="true" IDPInitiatedSLO="false" SPInitiatedSSO="true" SPInitiatedSLO="false"/>
                <urn:SP AssertionValidityAfterMinutes="5" AssertionValidityBeforeMinutes="5" ConnectionTargetType="Standard" EnableCDCDuringSSO="false">
                    <urn:C2cContractToAssertionMapping AbortIfNotFoundInAnyDataSources="false" RestrictVirtualServerIds="false" C2cContractId="BTxhm4tn8wRIewte" C2cContractName="DefaultContract">
                        <urn:AttributeMapping>
                            <urn:AttributeMap Name="mail" Type="LDAP">
                                <urn:ValueText>mail</urn:ValueText>
                            </urn:AttributeMap>
                            <urn:AttributeMap Name="givenName" Type="LDAP">
                                <urn:ValueText>givenName</urn:ValueText>
                            </urn:AttributeMap>
                            <urn:AttributeMap Name="sn" Type="LDAP">
                                <urn:ValueText>sn</urn:ValueText>
                            </urn:AttributeMap>
                            <urn:AttributeMap Name="SAML_SUBJECT" Type="Authentication Policy Contract">
                                <urn:ValueText>subject</urn:ValueText>
                            </urn:AttributeMap>
                            <urn:AttributeSource Description="pingdirectory" Type="LDAP" DataSourceId="LDAP-FC54C87F0BC5FA63833FC8CFB5CBB8921150CDD6">
                                <urn:Parameter Name="filter" Value="uid=${subject}"/>
                                <urn:Parameter Name="search_base" Value="ou=People,dc=people,dc=com"/>
                                <urn:Parameter Name="search_attributes" Value="Subject DN,givenName,mail,sn"/>
                                <urn:Parameter Name="search_scope" Value="SUBTREE_SCOPE"/>
                                <urn:Parameter Name="memberof_nested_group" Value="false"/>
                            </urn:AttributeSource>
                            <urn:TokenAuthorizationIssuanceCriteria/>
                        </urn:AttributeMapping>
                        <urn:AttributeMapping>
                            <urn:AttributeMap Name="mail" Type="LDAP">
                                <urn:ValueText>mail</urn:ValueText>
                            </urn:AttributeMap>
                            <urn:AttributeMap Name="givenName" Type="LDAP">
                                <urn:ValueText>givenName</urn:ValueText>
                            </urn:AttributeMap>
                            <urn:AttributeMap Name="sn" Type="LDAP">
                                <urn:ValueText>sn</urn:ValueText>
                            </urn:AttributeMap>
                            <urn:AttributeMap Name="SAML_SUBJECT" Type="Authentication Policy Contract">
                                <urn:ValueText>subject</urn:ValueText>
                            </urn:AttributeMap>
                            <urn:AttributeSource Description="pingdirectoryfailover" Type="LDAP" DataSourceId="LDAP-FC54C87F0BC5FA63833FC8CFB5CBB8921150CDD6">
                                <urn:Parameter Name="filter" Value="uid=${subject}"/>
                                <urn:Parameter Name="search_base" Value="ou=People,dc=people,dc=com"/>
                                <urn:Parameter Name="search_attributes" Value="Subject DN,givenName,mail,sn"/>
                                <urn:Parameter Name="search_scope" Value="SUBTREE_SCOPE"/>
                                <urn:Parameter Name="memberof_nested_group" Value="false"/>
                            </urn:AttributeSource>
                            <urn:TokenAuthorizationIssuanceCriteria/>
                        </urn:AttributeMapping>
                        <urn:DefaultAttributeMapping>
                            <urn:AttributeMap Name="mail" Type="Authentication Policy Contract">
                                <urn:ValueText>mail</urn:ValueText>
                            </urn:AttributeMap>
                            <urn:AttributeMap Name="givenName" Type="Authentication Policy Contract">
                                <urn:ValueText>givenName</urn:ValueText>
                            </urn:AttributeMap>
                            <urn:AttributeMap Name="sn" Type="Authentication Policy Contract">
                                <urn:ValueText>sn</urn:ValueText>
                            </urn:AttributeMap>
                            <urn:AttributeMap Name="SAML_SUBJECT" Type="Authentication Policy Contract">
                                <urn:ValueText>subject</urn:ValueText>
                            </urn:AttributeMap>
                            <urn:TokenAuthorizationIssuanceCriteria/>
                        </urn:DefaultAttributeMapping>
                    </urn:C2cContractToAssertionMapping>
                    <urn:NameIdentifierMappingType IncludeAdditionalAttributes="false" IncludeAdditionalTransientAttributes="false"/>
                </urn:SP>
            </urn:RoleExtension>
        </md:Extensions>
        <md:NameIDFormat>urn:oasis:names:tc:SAML:1.1:nameid-format:unspecified</md:NameIDFormat>
        <md:AssertionConsumerService index="1" Location="https://samltest.id/Shibboleth.sso/SAML2/POST" Binding="urn:oasis:names:tc:SAML:2.0:bindings:HTTP-POST" isDefault="true"/>
        <md:AssertionConsumerService index="2" Location="https://samltest.id/Shibboleth.sso/SAML2/POST2" Binding="urn:oasis:names:tc:SAML:2.0:bindings:HTTP-POST"/>
        <md:AttributeConsumingService index="0">
            <md:ServiceName xml:lang="en">AttributeContract</md:ServiceName>
            <md:RequestedAttribute Name="mail" NameFormat="urn:oasis:names:tc:SAML:2.0:attrname-format:uri"/>
            <md:RequestedAttribute Name="givenName" NameFormat="urn:oasis:names:tc:SAML:2.0:attrname-format:uri"/>
            <md:RequestedAttribute Name="sn" NameFormat="urn:oasis:names:tc:SAML:2.0:attrname-format:uri"/>
        </md:AttributeConsumingService>
    </md:SPSSODescriptor>
    <md:RoleDescriptor protocolSupportEnumeration="urn:oasis:names:tc:SAML:2.0:protocol" xsi:type="urn:PFAvailableCertsRoleDescriptorType" xmlns:xsi="http://www.w3.org/2001/XMLSchema-instance"/>
    <md:ContactPerson contactType="administrative"/>
</md:EntityDescriptor>