<?xml version="1.0" encoding="UTF-8"?>
<urn:Clients xmlns:urn="urn:pingidentity.com:pf:oauth:client">
    <urn:Client client_id="OIDC_Test" name="OIDC_Test" logo="" secret="j1WZcGpnPzCZSwbSbqI4MH93bBXv9vD2bipZpCraR8I.ibipsr2I.2" persistentGrantExpirationTime="0" enabled="true" lastModified="2023-09-24T12:41:27.193+10:00" bypassApprovalPage="true" restrictScopes="false" jwksUri="" jwks="" clientAuthnType="SECRET" enforceOneTimeJWT="false" isRequireSignedRequest="false">
        <urn:Description/>
        <urn:Grant type="refresh_token"/>
        <urn:Grant type="authorization_code"/>
        <urn:RedirectUri>http://localhost:123</urn:RedirectUri>
        <urn:SupplementalInfo key="SECRET_CHANGED_TIME" value="1695476314"/>
        <urn:SupplementalInfo key="DEVICE_FLOW_SETTING" value="SERVER_DEFAULT"/>
        <urn:SupplementalInfo key="DEFAULT_ATM_ID" value="OIDCTestATM"/>
        <urn:SupplementalInfo key="RESTRICT_RESPONSE_TYPES" value="false"/>
        <urn:SupplementalInfo key="SECONDARY_SECRET_RETENTION_PERIOD_TYPE" value="SERVER_DEFAULT"/>
        <urn:SupplementalInfo key="ACCESS_SESSION_MANAGEMENT_API" value="false"/>
        <urn:SupplementalInfo key="EXCLUSIVE_SCOPES" value="[&quot;testScope&quot;]"/>
        <urn:SupplementalInfo key="id_token_signed_response_alg" value="PS512"/>
        <urn:SupplementalInfo key="ALLOW_EXCLUSIVE_SCOPES" value="true"/>
        <urn:SupplementalInfo key="REFRESH_TOKEN_ROLLING_GRACE_PERIOD_TYPE" value="SERVER_DEFAULT"/>
        <urn:SupplementalInfo key="PING_ACCESS_LOGOUT_CAPABLE" value="false"/>
        <urn:SupplementalInfo key="ALLOW_AUTHENTICATION_API_INIT" value="false"/>
        <urn:SupplementalInfo key="REQUIRE_PROOF_KEY_FOR_CODE_EXCHANGE" value="false"/>
        <urn:SupplementalInfo key="SECONDARY_SECRETS" value="eyJzZWNyZXRzIjpbXX0="/>
        <urn:SupplementalInfo key="RESTRICT_TO_DEFAULT_ATM" value="false"/>
        <urn:SupplementalInfo key="ACCESS_SESSION_REVOCATION_API" value="false"/>
        <urn:SupplementalInfo key="PERSISTENT_GRANT_IDLE_TIMEOUT_TYPE" value="SERVER_DEFAULT"/>
        <urn:SupplementalInfo key="PERSISTENT_GRANT_REUSE_TYPE" value="SERVER_DEFAULT"/>
        <urn:SupplementalInfo key="VALIDATE_USING_ALL_ELIGIBLE_ATMS" value="false"/>
        <urn:SupplementalInfo key="ENABLED" value="true"/>
        <urn:SupplementalInfo key="vnd.ping.policy_group_id" value="OIDC_Test"/>
    </urn:Client>
</urn:Clients>