<?xml version="1.0" encoding="UTF-8"?>
<con:config xmlns:con="http://www.sourceid.org/2004/05/config">
    <con:map name="bearer-access-token-management-plugin-sequence">
        <con:item name="OAuthTestATM">1611776</con:item>
        <con:item name="OAuthTestATMIMRT">422278</con:item>
        <con:item name="OIDCTestATM">1628711</con:item>
    </con:map>
    <con:map name="bearer-access-token-management-plugins">
        <con:item name="OAuthTestATM">com.pingidentity.pf.access.token.management.plugins.JwtBearerAccessTokenManagementPlugin</con:item>
        <con:item name="OAuthTestATMIMRT">org.sourceid.oauth20.token.plugin.impl.ReferenceBearerAccessTokenManagementPlugin</con:item>
        <con:item name="OIDCTestATM">com.pingidentity.pf.access.token.management.plugins.JwtBearerAccessTokenManagementPlugin</con:item>
    </con:map>
    <con:item name="bearer-access-token-management-plugins-default">OAuthTestATM</con:item>
</con:config>