<?xml version="1.0" encoding="UTF-8"?>
<urn:OAuthConfig enableOAuth="true" authzCodeLength="30" authzCodeTimeout="3600" restrictPlainPKCE="false" includeIssuerInAuthzResponse="false" rollRefreshTokens="false" refreshTokenRollingGracePeriod="0" rollingInterval="0" refreshTokenLength="42" atmIdForOAuthGrantManagement="" scopeForOAuthGrantManagement="" globalPersistentGrantExpirationTime="5" globalPersistentGrantExpirationTimeUnit="n" globalPersistentGrantIdleTimeout="2" globalPersistentGrantIdleTimeoutTimeUnit="n" tokenEndpointBaseUrl="" userAuthzUrl="" registeredAuthzPath="" pendingAuthzTimeout="600" bypassActivationCodeConfirmation="false" devicePollingInterval="5" activationCodeCheckMode="AFTER_AUTHENTICATION" clientSecretRetentionPeriod="0" authzConsentSetting="INTERNAL" parTimeout="60" parRefLength="24" parStatus="ENABLED" allowUnidentifiedClientROCreds="false" allowUnidentifiedClientExtensionGrants="false" jwtSecuredAuthorizationResponseModeLifetime="600" xmlns:urn="urn:pingidentity.com:pf:oauth:conf">
    <urn:UserKeyToAccessTokenMapping contextId="authz_req|apc.BTxhm4tn8wRIewte" tokenManagerId="OAuthTestATM">
        <urn1:AttributeMap Name="username" Type="Authentication Policy Contract" xmlns:urn1="urn:sourceid.org:saml2:metadata-extension:v2">
            <urn1:ValueText>apc.subject</urn1:ValueText>
        </urn1:AttributeMap>
        <urn1:TokenAuthorizationIssuanceCriteria xmlns:urn1="urn:sourceid.org:saml2:metadata-extension:v2"/>
    </urn:UserKeyToAccessTokenMapping>
    <urn:UserKeyToAccessTokenMapping contextId="authz_req|apc.BTxhm4tn8wRIewte" tokenManagerId="OIDCTestATM">
        <urn1:AttributeMap Name="username" Type="Authentication Policy Contract" xmlns:urn1="urn:sourceid.org:saml2:metadata-extension:v2">
            <urn1:ValueText>apc.subject</urn1:ValueText>
        </urn1:AttributeMap>
        <urn1:TokenAuthorizationIssuanceCriteria xmlns:urn1="urn:sourceid.org:saml2:metadata-extension:v2"/>
    </urn:UserKeyToAccessTokenMapping>
    <urn:ApcToUserKeyMapping sourcePluginId="BTxhm4tn8wRIewte">
        <urn1:AttributeMap Name="USER_NAME" Type="Authentication Policy Contract" xmlns:urn1="urn:sourceid.org:saml2:metadata-extension:v2">
            <urn1:ValueText>subject</urn1:ValueText>
        </urn1:AttributeMap>
        <urn1:AttributeMap Name="USER_KEY" Type="Authentication Policy Contract" xmlns:urn1="urn:sourceid.org:saml2:metadata-extension:v2">
            <urn1:ValueText>subject</urn1:ValueText>
        </urn1:AttributeMap>
        <urn1:AttributeSource Id="pingdirectory" Description="pingdirectory" Type="LDAP" DataSourceId="LDAP-FC54C87F0BC5FA63833FC8CFB5CBB8921150CDD6" xmlns:urn1="urn:sourceid.org:saml2:metadata-extension:v2">
            <urn1:Parameter Name="filter" Value="uid=${subject}"/>
            <urn1:Parameter Name="search_base" Value="ou=People,dc=people,dc=com"/>
            <urn1:Parameter Name="search_attributes" Value="Subject DN"/>
            <urn1:Parameter Name="search_scope" Value="SUBTREE_SCOPE"/>
            <urn1:Parameter Name="memberof_nested_group" Value="false"/>
        </urn1:AttributeSource>
        <urn1:TokenAuthorizationIssuanceCriteria xmlns:urn1="urn:sourceid.org:saml2:metadata-extension:v2"/>
    </urn:ApcToUserKeyMapping>
    <urn:ReuseExistingPersistentGrantForGrant>implicit</urn:ReuseExistingPersistentGrantForGrant>
</urn:OAuthConfig>