<?xml version="1.0" encoding="UTF-8"?>
<ldap:ldap-sources xmlns:ldap="http://pingidentity.com/2004/09/ldap-ds">
    <ldap:ldap-source id="LDAP-FC54C87F0BC5FA63833FC8CFB5CBB8921150CDD6" maskAttributeValues="false" ldapType="PingDirectory" ldapTypeDesc="PingDirectory" testOnBorrow="false" testOnReturn="false" createIfNecessary="true" retryFailedOperations="false" minIdle="10" maxActive="100" maxWait="-1" timeBetweenEvictionRunsMillis="60000" readTimeoutMillis="3000" connTimeoutMillis="3000" verifyHost="true" dnsTtlMillis="60000" ldapDnsSrvPrefix="_ldap._tcp" ldapsDnsSrvPrefix="_ldaps._tcp">
        <ldap:host>localhost:1636</ldap:host>
        <ldap:principal>uid=pingFederateAdmin,ou=Administrators,dc=people,dc=com</ldap:principal>
        <ldap:use-ssl>true</ldap:use-ssl>
        <ldap:use-dns-srv-records>false</ldap:use-dns-srv-records>
        <ldap:ad-referral>false</ldap:ad-referral>
        <ldap:credentials>eyJhbGciOiJkaXIiLCJlbmMiOiJBMTI4Q0JDLUhTMjU2Iiwia2lkIjoic2swS0NUbVpxSSIsInZlcnNpb24iOiIxMS4zLjMuMCJ9..tsXueM4-68C-3YsA0ilvzQ.OJhiKZcmLjWoV1hIeXOVsg.DxUVMJ0Uc2bpDYSKHJ3SIg</ldap:credentials>
        <ldap:authenticationMeth>simple</ldap:authenticationMeth>
        <ldap:description>pingdirectory</ldap:description>
        <ldap:name>pingdirectory</ldap:name>
        <ldap:binaryAttributes/>
        <ldap:ldapHostTagList>
            <ldap:tagEntry host="localhost:1636" tags="1"/>
        </ldap:ldapHostTagList>
        <ldap:clientTlsCertAlias xsi:nil="true" xmlns:xsi="http://www.w3.org/2001/XMLSchema-instance"/>
    </ldap:ldap-source>
</ldap:ldap-sources>