<?xml version="1.0" encoding="UTF-8"?>
<sk:systemKeys xmlns:sk="http://pingidentity.com/2018/01/system-keys">
    <sk:currentKey>
        <sk:key>eyJhbGciOiJkaXIiLCJlbmMiOiJBMTI4Q0JDLUhTMjU2Iiwia2lkIjoic2swS0NUbVpxSSIsInZlcnNpb24iOiIxMS4xLjguMSIsInppcCI6IkRFRiJ9..9ddtDF752Rw5FCydvcgKlA.dU1NAD_GE4h1J2OPXnx1VOCJlAmQABOpjSXfdEW6c8EERRcZcqf8bwIjok6v-S4Y.fKIzWxS7BiCvuLozy4Cx2A</sk:key>
        <sk:generatedTime>2023-09-07T13:45:55.582+10:00</sk:generatedTime>
    </sk:currentKey>
    <sk:previousKey xsi:nil="true" xmlns:xsi="http://www.w3.org/2001/XMLSchema-instance"/>
    <sk:pendingKey>
        <sk:key>eyJhbGciOiJkaXIiLCJlbmMiOiJBMTI4Q0JDLUhTMjU2Iiwia2lkIjoic2swS0NUbVpxSSIsInZlcnNpb24iOiIxMS4xLjguMSIsInppcCI6IkRFRiJ9..g4vC8W23ZmOkQYtLJ0IbXw.9qtofWa-YVhOSIbk7Rrq21BfomUkQznfg7_kTBu5bo1CuUetoJzPlLsKjh5f9BcG.IcOhPYu6QRliCVEfyWrE3w</sk:key>
        <sk:generatedTime>2023-09-07T13:45:55.582+10:00</sk:generatedTime>
    </sk:pendingKey>
</sk:systemKeys>