<?xml version="1.0" encoding="UTF-8"?>
<ldap:ldap-sources xmlns:ldap="http://pingidentity.com/2004/09/ldap-ds">
    <ldap:ldap-source id="LDAP-FC54C87F0BC5FA63833FC8CFB5CBB8921150CDD6" maskAttributeValues="false" ldapType="PingDirectory" ldapTypeDesc="PingDirectory" testOnBorrow="false" testOnReturn="false" createIfNecessary="true" minIdle="10" maxActive="100" maxWait="-1" timeBetweenEvictionRunsMillis="60000" readTimeoutMillis="3000" connTimeoutMillis="3000" verifyHost="true" dnsTtlMillis="60000" ldapDnsSrvPrefix="_ldap._tcp" ldapsDnsSrvPrefix="_ldaps._tcp">
        <ldap:host>10.0.0.13:1636</ldap:host>
        <ldap:principal>uid=pingFederateAdmin,ou=Administrators,dc=people,dc=com</ldap:principal>
        <ldap:use-ssl>true</ldap:use-ssl>
        <ldap:use-dns-srv-records>false</ldap:use-dns-srv-records>
        <ldap:ad-referral>false</ldap:ad-referral>
        <ldap:credentials>eyJhbGciOiJkaXIiLCJlbmMiOiJBMTI4Q0JDLUhTMjU2Iiwia2lkIjoic2swS0NUbVpxSSIsInZlcnNpb24iOiIxMS4xLjguMSJ9..rZKXURK0B-MNE_x7oHJfPQ.b0N7-V27OXVw2c1P9V1waQ.kRZERhuEb3Hiaro60Zlj1A</ldap:credentials>
        <ldap:authenticationMeth>simple</ldap:authenticationMeth>
        <ldap:description>pingdirectory</ldap:description>
        <ldap:name>pingdirectory</ldap:name>
        <ldap:binaryAttributes/>
        <ldap:ldapHostTagList>
            <ldap:tagEntry host="10.0.0.13:1636" tags="1"/>
        </ldap:ldapHostTagList>
    </ldap:ldap-source>
</ldap:ldap-sources>