<?xml version="1.0" encoding="UTF-8"?>
<urn:Clients xmlns:urn="urn:pingidentity.com:pf:oauth:client">
    <urn:Client client_id="OAuth_Test" name="OAuth_Test" logo="" secret="W9DJmldTxUs3E-cJzfkc13Y8vBddFIlVTj0yg9N4L_Y.EUMhJ_JM.2" persistentGrantExpirationTime="0" enabled="true" lastModified="2023-09-23T23:36:56.444+10:00" bypassApprovalPage="true" restrictScopes="false" jwksUri="" jwks="" clientAuthnType="SECRET" enforceOneTimeJWT="false" isRequireSignedRequest="false">
        <urn:Description/>
        <urn:Grant type="client_credentials"/>
        <urn:RedirectUri>https://localhost</urn:RedirectUri>
        <urn:SupplementalInfo key="SECRET_CHANGED_TIME" value="1694137430"/>
        <urn:SupplementalInfo key="DEVICE_FLOW_SETTING" value="SERVER_DEFAULT"/>
        <urn:SupplementalInfo key="DEFAULT_ATM_ID" value="OAuthTestATM"/>
        <urn:SupplementalInfo key="RESTRICT_RESPONSE_TYPES" value="false"/>
        <urn:SupplementalInfo key="SECONDARY_SECRET_RETENTION_PERIOD_TYPE" value="SERVER_DEFAULT"/>
        <urn:SupplementalInfo key="ACCESS_SESSION_MANAGEMENT_API" value="false"/>
        <urn:SupplementalInfo key="EXCLUSIVE_SCOPES" value="[&quot;testScope&quot;]"/>
        <urn:SupplementalInfo key="ALLOW_EXCLUSIVE_SCOPES" value="true"/>
        <urn:SupplementalInfo key="REFRESH_TOKEN_ROLLING_GRACE_PERIOD_TYPE" value="SERVER_DEFAULT"/>
        <urn:SupplementalInfo key="PING_ACCESS_LOGOUT_CAPABLE" value="false"/>
        <urn:SupplementalInfo key="ALLOW_AUTHENTICATION_API_INIT" value="false"/>
        <urn:SupplementalInfo key="REQUIRE_PROOF_KEY_FOR_CODE_EXCHANGE" value="false"/>
        <urn:SupplementalInfo key="SECONDARY_SECRETS" value="eyJzZWNyZXRzIjpbXX0="/>
        <urn:SupplementalInfo key="RESTRICT_TO_DEFAULT_ATM" value="false"/>
        <urn:SupplementalInfo key="ACCESS_SESSION_REVOCATION_API" value="false"/>
        <urn:SupplementalInfo key="PERSISTENT_GRANT_IDLE_TIMEOUT_TYPE" value="SERVER_DEFAULT"/>
        <urn:SupplementalInfo key="PERSISTENT_GRANT_REUSE_TYPE" value="SERVER_DEFAULT"/>
        <urn:SupplementalInfo key="VALIDATE_USING_ALL_ELIGIBLE_ATMS" value="false"/>
        <urn:SupplementalInfo key="ENABLED" value="true"/>
    </urn:Client>
</urn:Clients>