<?xml version="1.0" encoding="UTF-8"?>
<rotn:pkCertRotations xmlns:rotn="http://pingidentity.com/2006/01/keypair-rotations">
    <rotn:pkCertRotationType>
        <rotn:certificateAlias>01ecxk1wn27fgsf2siw80ha07</rotn:certificateAlias>
        <rotn:enableCertRotation>true</rotn:enableCertRotation>
        <rotn:rotationBufferMins>131040</rotn:rotationBufferMins>
        <rotn:activationBufferMins>51840</rotn:activationBufferMins>
        <rotn:keyAlgorithm>RSA</rotn:keyAlgorithm>
        <rotn:keySize>2048</rotn:keySize>
        <rotn:signatureAlgorithm>SHA256withRSA</rotn:signatureAlgorithm>
        <rotn:validityPeriodDays>365</rotn:validityPeriodDays>
        <rotn:pendingCertAlias xsi:nil="true" xmlns:xsi="http://www.w3.org/2001/XMLSchema-instance"/>
    </rotn:pkCertRotationType>
    <rotn:pkCertRotationType>
        <rotn:certificateAlias>vpggyty3dca08x54yy9j1fe1w</rotn:certificateAlias>
        <rotn:enableCertRotation>true</rotn:enableCertRotation>
        <rotn:rotationBufferMins>131040</rotn:rotationBufferMins>
        <rotn:activationBufferMins>51840</rotn:activationBufferMins>
        <rotn:keyAlgorithm>RSA</rotn:keyAlgorithm>
        <rotn:keySize>2048</rotn:keySize>
        <rotn:signatureAlgorithm>SHA256withRSA</rotn:signatureAlgorithm>
        <rotn:validityPeriodDays>365</rotn:validityPeriodDays>
        <rotn:pendingCertAlias xsi:nil="true" xmlns:xsi="http://www.w3.org/2001/XMLSchema-instance"/>
    </rotn:pkCertRotationType>
</rotn:pkCertRotations>